{
	"data": [
		{
			"0": 1,
			"Español": "Jugar",
			"English": "Play"
		},
		{
			"0": 2,
			"Español": "Opciones",
			"English": "Options"
		},
		{
			"0": 3,
			"Español": "Salir",
			"English": "Quit"
		},
		{
			"0": 4,
			"Español": "            Opciones            ",
			"English": "             Options              "
		},
		{
			"0": 5,
			"Español": "Escape",
			"English": "Escape"
		},
		{
			"0": 6,
			"Español": "Idioma",
			"English": "languages"
		},
		{
			"0": 7,
			"Español": "Graficos",
			"English": "Graphics"
		},
		{
			"0": "",
			"Español": "",
			"English": ""
		}
	]
}
